Person_id,Name,Gender,Age,SelfEsteem,Talkative,Adventurous,Passive,Empathy,Personality
1,Person_1,Male,49,3,9,2,5,3,Introvert
2,Person_2,Female,56,1,6,2,8,2,Introvert
3,Person_3,Male,49,4,3,2,9,1,Introvert
4,Person_4,Male,21,5,1,3,2,7,Extrovert
5,Person_5,Male,47,7,4,2,3,7,Extrovert
6,Person_6,Female,54,1,9,4,3,2,Extrovert
7,Person_7,Male,40,3,3,9,1,7,Extrovert
8,Person_8,Male,56,2,9,6,8,8,Introvert
9,Person_9,Male,62,9,7,1,6,1,Introvert
10,Person_10,Female,32,10,4,8,8,9,Introvert
11,Person_11,Male,60,6,3,7,9,7,Introvert
12,Person_12,Male,46,10,10,10,5,3,Extrovert
13,Person_13,Male,53,3,5,3,3,8,Extrovert
14,Person_14,Male,30,8,5,1,5,7,Extrovert
15,Person_15,Female,49,8,3,5,5,8,Extrovert
16,Person_16,Male,24,2,9,4,5,6,Extrovert
17,Person_17,Female,39,6,4,10,3,9,Extrovert
18,Person_18,Female,45,7,5,8,10,5,Introvert
19,Person_19,Female,19,2,4,1,4,3,Introvert
20,Person_20,Male,59,10,5,10,9,3,Introvert
21,Person_21,Female,62,2,7,1,10,1,Introvert
22,Person_22,Male,23,10,9,4,9,8,Introvert
23,Person_23,Female,45,1,7,8,2,2,Extrovert
24,Person_24,Female,45,8,5,5,8,3,Introvert
25,Person_25,Female,61,1,10,2,8,8,Introvert
26,Person_26,Female,61,9,10,6,7,8,Extrovert
27,Person_27,Female,37,6,7,5,8,4,Introvert
28,Person_28,Female,47,7,10,2,3,4,Extrovert
29,Person_29,Female,28,10,5,3,6,5,Introvert
30,Person_30,Female,45,7,3,9,1,6,Extrovert
31,Person_31,Male,42,10,7,7,7,5,Extrovert
32,Person_32,Male,56,3,2,7,1,7,Extrovert
33,Person_33,Female,50,2,9,6,9,2,Introvert
34,Person_34,Female,18,9,10,8,1,7,Extrovert
35,Person_35,Female,44,8,10,4,1,10,Extrovert
36,Person_36,Male,30,10,1,8,7,7,Introvert
37,Person_37,Female,58,7,6,4,2,1,Extrovert
38,Person_38,Male,20,9,7,8,5,7,Extrovert
39,Person_39,Male,56,4,8,9,8,5,Introvert
40,Person_40,Male,23,4,10,3,8,3,Introvert
41,Person_41,Male,25,1,9,3,3,3,Extrovert
42,Person_42,Male,44,8,2,2,7,4,Introvert
43,Person_43,Female,26,3,10,10,3,2,Extrovert
44,Person_44,Female,54,7,2,3,6,2,Introvert
45,Person_45,Female,50,2,5,3,6,1,Introvert
46,Person_46,Female,59,2,5,5,3,5,Extrovert
47,Person_47,Female,61,7,6,5,7,4,Introvert
48,Person_48,Male,41,6,3,2,3,10,Extrovert
49,Person_49,Female,32,3,8,10,8,2,Introvert
50,Person_50,Female,49,9,1,6,10,3,Introvert
51,Person_51,Male,49,10,6,5,4,7,Extrovert
52,Person_52,Female,41,6,4,6,1,7,Extrovert
53,Person_53,Male,58,10,1,1,4,4,Introvert
54,Person_54,Female,29,10,7,5,7,5,Introvert
55,Person_55,Male,56,6,9,9,4,5,Extrovert
56,Person_56,Female,19,1,4,10,6,6,Introvert
57,Person_57,Female,20,4,4,2,9,9,Introvert
58,Person_58,Male,54,10,6,1,1,2,Extrovert
59,Person_59,Male,34,6,3,10,5,5,Extrovert
60,Person_60,Male,19,6,6,9,7,3,Introvert
61,Person_61,Male,19,5,7,10,1,4,Extrovert
62,Person_62,Male,45,1,10,9,4,10,Extrovert
63,Person_63,Male,40,8,10,9,6,6,Extrovert
64,Person_64,Male,54,5,3,6,2,8,Extrovert
65,Person_65,Male,49,5,7,8,10,1,Introvert
66,Person_66,Female,50,7,3,1,5,10,Extrovert
67,Person_67,Female,18,4,2,10,10,8,Introvert
68,Person_68,Male,36,6,10,4,1,7,Extrovert
69,Person_69,Female,19,4,4,1,6,1,Introvert
70,Person_70,Female,61,3,8,8,6,2,Introvert
71,Person_71,Female,43,7,9,1,4,3,Extrovert
72,Person_72,Female,49,8,7,3,8,1,Introvert
73,Person_73,Male,23,4,1,4,4,9,Extrovert
74,Person_74,Female,49,2,3,8,8,8,Introvert
75,Person_75,Male,21,10,9,6,8,2,Introvert
76,Person_76,Female,28,3,1,10,5,9,Extrovert
77,Person_77,Female,34,1,9,7,4,7,Extrovert
78,Person_78,Female,55,8,8,8,2,9,Extrovert
79,Person_79,Male,41,3,1,2,3,6,Introvert
80,Person_80,Female,22,10,6,10,3,6,Extrovert
81,Person_81,Male,51,7,5,8,4,4,Extrovert
82,Person_82,Female,23,10,6,3,4,10,Extrovert
83,Person_83,Male,39,5,10,7,10,10,Introvert
84,Person_84,Female,28,10,5,3,5,2,Introvert
85,Person_85,Male,33,5,6,7,4,7,Extrovert
86,Person_86,Male,50,7,5,2,10,5,Introvert
87,Person_87,Female,26,9,5,10,8,6,Introvert
88,Person_88,Male,23,5,4,6,6,2,Introvert
89,Person_89,Female,33,1,3,3,6,5,Introvert
90,Person_90,Female,46,10,3,3,8,10,Introvert
91,Person_91,Female,20,10,4,9,7,4,Introvert
92,Person_92,Female,37,1,9,7,10,9,Introvert
93,Person_93,Female,53,2,2,5,10,6,Introvert
94,Person_94,Female,36,6,9,10,8,2,Introvert
95,Person_95,Female,43,9,1,7,2,1,Extrovert
96,Person_96,Female,20,8,1,9,9,5,Introvert
97,Person_97,Female,36,5,5,1,1,9,Extrovert
98,Person_98,Female,37,1,6,7,8,6,Introvert
99,Person_99,Female,49,7,6,6,4,10,Extrovert
100,Person_100,Male,24,5,3,10,4,7,Extrovert
101,Person_101,Male,58,6,7,9,5,5,Extrovert
102,Person_102,Female,50,7,9,1,8,10,Introvert
103,Person_103,Female,57,3,10,4,5,6,Extrovert
104,Person_104,Female,56,10,8,9,8,5,Introvert
105,Person_105,Female,35,3,6,4,10,9,Introvert
106,Person_106,Female,57,5,8,10,1,6,Extrovert
107,Person_107,Female,18,6,5,3,10,8,Introvert
108,Person_108,Female,28,9,8,9,9,2,Introvert
109,Person_109,Female,45,5,10,2,6,9,Extrovert
110,Person_110,Male,42,1,4,4,3,5,Extrovert
111,Person_111,Female,40,4,10,6,8,7,Introvert
112,Person_112,Male,48,5,8,2,9,10,Introvert
113,Person_113,Female,47,10,10,8,6,1,Extrovert
114,Person_114,Female,59,10,2,8,7,10,Extrovert
115,Person_115,Male,52,5,5,1,1,5,Extrovert
116,Person_116,Female,24,7,9,3,5,10,Extrovert
117,Person_117,Male,33,4,4,10,5,2,Introvert
118,Person_118,Female,43,1,6,9,10,6,Introvert
119,Person_119,Female,19,5,1,5,4,1,Introvert
120,Person_120,Male,18,7,9,6,6,3,Extrovert
121,Person_121,Female,29,10,1,4,7,5,Introvert
122,Person_122,Male,22,10,5,10,9,4,Introvert
123,Person_123,Female,54,6,4,2,1,3,Extrovert
124,Person_124,Male,49,5,3,8,6,10,Extrovert
125,Person_125,Male,26,4,6,6,7,5,Introvert
126,Person_126,Female,58,2,2,5,3,8,Extrovert
127,Person_127,Female,52,4,3,9,8,4,Introvert
128,Person_128,Male,36,10,5,1,5,1,Introvert
129,Person_129,Female,33,10,9,5,9,7,Introvert
130,Person_130,Female,20,3,2,6,5,8,Introvert
131,Person_131,Female,37,10,10,5,9,3,Introvert
132,Person_132,Male,41,1,8,6,10,6,Introvert
133,Person_133,Male,50,8,2,6,4,2,Extrovert
134,Person_134,Male,41,5,5,7,9,7,Introvert
135,Person_135,Male,28,4,7,4,5,8,Extrovert
136,Person_136,Male,25,8,8,8,10,6,Introvert
137,Person_137,Male,53,7,1,7,9,6,Introvert
138,Person_138,Male,55,2,6,9,3,5,Extrovert
139,Person_139,Male,57,1,1,7,4,8,Extrovert
140,Person_140,Male,37,4,2,3,9,1,Introvert
141,Person_141,Female,52,8,1,3,10,10,Introvert
142,Person_142,Male,42,2,5,8,6,4,Introvert
143,Person_143,Female,52,3,10,5,2,4,Extrovert
144,Person_144,Female,42,1,9,4,7,3,Introvert
145,Person_145,Female,46,1,6,8,2,3,Extrovert
146,Person_146,Male,35,3,1,6,2,4,Extrovert
147,Person_147,Male,63,5,1,2,1,1,Extrovert
148,Person_148,Male,35,3,2,4,3,2,Introvert
149,Person_149,Male,19,1,9,4,6,9,Introvert
150,Person_150,Female,52,1,3,6,8,10,Introvert
151,Person_151,Male,33,8,1,6,9,2,Introvert
152,Person_152,Male,58,10,5,1,7,5,Introvert
153,Person_153,Male,53,2,7,8,4,9,Extrovert
154,Person_154,Male,50,3,6,6,6,9,Introvert
155,Person_155,Male,21,2,1,3,5,8,Introvert
156,Person_156,Female,50,3,5,9,8,1,Introvert
157,Person_157,Male,31,7,5,2,1,1,Extrovert
158,Person_158,Female,38,1,6,8,1,9,Extrovert
159,Person_159,Male,37,10,3,10,6,8,Extrovert
160,Person_160,Female,25,8,5,3,10,10,Introvert
161,Person_161,Male,24,10,7,5,2,9,Extrovert
162,Person_162,Male,20,10,5,6,5,7,Extrovert
163,Person_163,Female,34,10,5,10,1,3,Extrovert
164,Person_164,Female,50,2,5,6,7,3,Introvert
165,Person_165,Female,29,3,10,4,1,2,Extrovert
166,Person_166,Male,39,9,10,3,4,5,Extrovert
167,Person_167,Female,39,7,3,4,9,3,Introvert
168,Person_168,Male,63,4,1,1,1,6,Extrovert
169,Person_169,Male,47,10,5,4,4,2,Extrovert
170,Person_170,Female,55,5,9,1,6,3,Introvert
171,Person_171,Female,55,2,1,1,6,5,Introvert
172,Person_172,Male,62,8,3,10,8,1,Introvert
173,Person_173,Male,25,4,4,6,1,1,Extrovert
174,Person_174,Female,44,9,1,5,7,10,Introvert
175,Person_175,Female,44,5,1,4,1,9,Extrovert
176,Person_176,Female,51,9,8,3,7,7,Introvert
177,Person_177,Male,38,4,2,1,3,1,Introvert
178,Person_178,Male,47,10,8,6,8,8,Introvert
179,Person_179,Male,50,5,7,2,3,3,Extrovert
180,Person_180,Male,45,9,10,8,1,8,Extrovert
181,Person_181,Male,64,8,10,10,8,5,Extrovert
182,Person_182,Male,50,3,2,5,3,1,Introvert
183,Person_183,Female,22,1,6,7,2,7,Extrovert
184,Person_184,Male,36,3,6,10,1,5,Extrovert
185,Person_185,Male,21,4,3,2,3,6,Extrovert
186,Person_186,Male,52,2,2,8,2,6,Extrovert
187,Person_187,Female,34,1,1,2,2,8,Extrovert
188,Person_188,Male,61,7,6,4,6,9,Extrovert
189,Person_189,Male,45,8,5,1,1,2,Extrovert
190,Person_190,Female,47,7,9,5,2,9,Extrovert
191,Person_191,Male,46,5,1,9,6,10,Extrovert
192,Person_192,Male,63,1,7,1,3,9,Extrovert
193,Person_193,Male,23,7,5,9,4,10,Extrovert
194,Person_194,Male,52,7,5,8,1,10,Extrovert
195,Person_195,Male,58,9,2,6,8,7,Introvert
196,Person_196,Female,54,3,3,7,7,1,Introvert
197,Person_197,Female,41,9,7,3,7,7,Introvert
198,Person_198,Female,46,1,6,1,3,10,Extrovert
199,Person_199,Male,63,1,2,5,10,5,Introvert
200,Person_200,Male,48,4,6,2,10,6,Introvert
